ordem;pexels_id;arquivo_remoto;plataforma;licenca
1;4625629;https://images.pexels.com/photos/4625629/pexels-photo-4625629.jpeg?auto=compress&cs=tinysrgb&w=1600;Pexels;https://www.pexels.com/license/
2;7518732;https://images.pexels.com/photos/7518732/pexels-photo-7518732.jpeg?auto=compress&cs=tinysrgb&w=1600;Pexels;https://www.pexels.com/license/
3;9992820;https://images.pexels.com/photos/9992820/pexels-photo-9992820.jpeg?auto=compress&cs=tinysrgb&w=1600;Pexels;https://www.pexels.com/license/
4;4625624;https://images.pexels.com/photos/4625624/pexels-photo-4625624.jpeg?auto=compress&cs=tinysrgb&w=1600;Pexels;https://www.pexels.com/license/
5;9992819;https://images.pexels.com/photos/9992819/pexels-photo-9992819.jpeg?auto=compress&cs=tinysrgb&w=1600;Pexels;https://www.pexels.com/license/
6;19140177;https://images.pexels.com/photos/19140177/pexels-photo-19140177.jpeg?auto=compress&cs=tinysrgb&w=1600;Pexels;https://www.pexels.com/license/
7;4625633;https://images.pexels.com/photos/4625633/pexels-photo-4625633.jpeg?auto=compress&cs=tinysrgb&w=1600;Pexels;https://www.pexels.com/license/
8;4952625;https://images.pexels.com/photos/4952625/pexels-photo-4952625.jpeg?auto=compress&cs=tinysrgb&w=1600;Pexels;https://www.pexels.com/license/
9;4190568;https://images.pexels.com/photos/4190568/pexels-photo-4190568.jpeg?auto=compress&cs=tinysrgb&w=1600;Pexels;https://www.pexels.com/license/
10;29627220;https://images.pexels.com/photos/29627220/pexels-photo-29627220.jpeg?auto=compress&cs=tinysrgb&w=1600;Pexels;https://www.pexels.com/license/
11;12505400;https://images.pexels.com/photos/12505400/pexels-photo-12505400.jpeg?auto=compress&cs=tinysrgb&w=1600;Pexels;https://www.pexels.com/license/
12;18090355;https://images.pexels.com/photos/18090355/pexels-photo-18090355.jpeg?auto=compress&cs=tinysrgb&w=1600;Pexels;https://www.pexels.com/license/
13;15642778;https://images.pexels.com/photos/15642778/pexels-photo-15642778.jpeg?auto=compress&cs=tinysrgb&w=1600;Pexels;https://www.pexels.com/license/
14;2174113;https://images.pexels.com/photos/2174113/pexels-photo-2174113.jpeg?auto=compress&cs=tinysrgb&w=1600;Pexels;https://www.pexels.com/license/
15;7518728;https://images.pexels.com/photos/7518728/pexels-photo-7518728.jpeg?auto=compress&cs=tinysrgb&w=1600;Pexels;https://www.pexels.com/license/
16;19225277;https://images.pexels.com/photos/19225277/pexels-photo-19225277.jpeg?auto=compress&cs=tinysrgb&w=1600;Pexels;https://www.pexels.com/license/
17;8218487;https://images.pexels.com/photos/8218487/pexels-photo-8218487.jpeg?auto=compress&cs=tinysrgb&w=1600;Pexels;https://www.pexels.com/license/
18;7195807;https://images.pexels.com/photos/7195807/pexels-photo-7195807.jpeg?auto=compress&cs=tinysrgb&w=1600;Pexels;https://www.pexels.com/license/
19;19225142;https://images.pexels.com/photos/19225142/pexels-photo-19225142.jpeg?auto=compress&cs=tinysrgb&w=1600;Pexels;https://www.pexels.com/license/
20;19664872;https://images.pexels.com/photos/19664872/pexels-photo-19664872.jpeg?auto=compress&cs=tinysrgb&w=1600;Pexels;https://www.pexels.com/license/
21;7518746;https://images.pexels.com/photos/7518746/pexels-photo-7518746.jpeg?auto=compress&cs=tinysrgb&w=1600;Pexels;https://www.pexels.com/license/
22;5568408;https://images.pexels.com/photos/5568408/pexels-photo-5568408.jpeg?auto=compress&cs=tinysrgb&w=1600;Pexels;https://www.pexels.com/license/
23;7518735;https://images.pexels.com/photos/7518735/pexels-photo-7518735.jpeg?auto=compress&cs=tinysrgb&w=1600;Pexels;https://www.pexels.com/license/
24;7447125;https://images.pexels.com/photos/7447125/pexels-photo-7447125.jpeg?auto=compress&cs=tinysrgb&w=1600;Pexels;https://www.pexels.com/license/
25;5568411;https://images.pexels.com/photos/5568411/pexels-photo-5568411.jpeg?auto=compress&cs=tinysrgb&w=1600;Pexels;https://www.pexels.com/license/
26;7518742;https://images.pexels.com/photos/7518742/pexels-photo-7518742.jpeg?auto=compress&cs=tinysrgb&w=1600;Pexels;https://www.pexels.com/license/
27;32351044;https://images.pexels.com/photos/32351044/pexels-photo-32351044.jpeg?auto=compress&cs=tinysrgb&w=1600;Pexels;https://www.pexels.com/license/
28;5568407;https://images.pexels.com/photos/5568407/pexels-photo-5568407.jpeg?auto=compress&cs=tinysrgb&w=1600;Pexels;https://www.pexels.com/license/
29;897251;https://images.pexels.com/photos/897251/pexels-photo-897251.jpeg?auto=compress&cs=tinysrgb&w=1600;Pexels;https://www.pexels.com/license/
30;6007403;https://images.pexels.com/photos/6007403/pexels-photo-6007403.jpeg?auto=compress&cs=tinysrgb&w=1600;Pexels;https://www.pexels.com/license/
